prod_photo,prod_link,prod_name,prod_price,rating,no_of_ratings,sponsored,sale_last_month
https://m.media-amazon.com/images/I/71aBAPCVc8L._AC_UL320_.jpg,https://www.amazon.in/sspa/click?ie=UTF8&spc=MToxODc4MTczODc5MTc5MjA5OjE3MjUzMzg5NDA6c3Bfc2VhcmNoX3RoZW1hdGljOjMwMDI1NDA1NDQxNDUzMjo6MDo6&url=%2FBoult-Wireless-Earbuds-Playtime-Breathing%2Fdp%2FB0CVLCR6ZY%2Fref%3Dsxin_35_pa_sp_search_thematic_sspa%3Fcontent-id%3Damzn1.sym.cb608b1c-c215-4c3c-8e0a-e1e34a11ff0e%253Aamzn1.sym.cb608b1c-c215-4c3c-8e0a-e1e34a11ff0e%26crid%3D2IZGJF2AM2DKC%26cv_ct_cx%3Doneplus%2Bbuds%26dib%3DeyJ2IjoiMSJ9.6VqaLGKDz2fNbCfwNGTShsFEgEpkYysWTI3KTJStjH8s2wAzrXwAe8MEpsubaDdQ1yeGvSQIDuQ4xdxz-uh3LQ.gjBuIpud3uh3u8dehoW1DN8rvwYT1c_5gemEFd6R2Ro%26dib_tag%3Dse%26keywords%3Doneplus%2Bbuds%26pd_rd_i%3DB0CVLCR6ZY%26pd_rd_r%3D2ce497c4-55b2-49b6-8958-9a8e1f1cf350%26pd_rd_w%3DfqiuH%26pd_rd_wg%3DmvkeE%26pf_rd_p%3Dcb608b1c-c215-4c3c-8e0a-e1e34a11ff0e%26pf_rd_r%3DHM9PBKJEHBYKV79Y1GGV%26qid%3D1725338940%26sbo%3DRZvfv%252F%252FHxDF%252BO5021pAnSA%253D%253D%26sprefix%3Doneplus%2Bbuds%252Caps%252C513%26sr%3D1-1-ced4eeeb-b190-41d6-902a-1ecb3fb8b7c4-spons%26sp_csd%3Dd2lkZ2V0TmFtZT1zcF9zZWFyY2hfdGhlbWF0aWM%26psc%3D1,"Boult Audio UFO Truly Wireless in Ear Earbuds with 48H Playtime, Built-in App Support, 45ms Low Latency Gaming, 4 Mics ENC, Breathing LEDs, 13mm Bass Drivers Ear Buds TWS, Made in India (White Opal)","1,199",4.2,"6,730 ",Not-Sponsored,4K+
https://m.media-amazon.com/images/I/71hMZ91Q3KL._AC_UL320_.jpg,https://www.amazon.in/sspa/click?ie=UTF8&spc=MToxODc4MTczODc5MTc5MjA5OjE3MjUzMzg5NDA6c3Bfc2VhcmNoX3RoZW1hdGljOjMwMDMxMzIwOTAyNTMzMjo6MTo6&url=%2FBoult-Launched-Wireless-Bluetooth-Earbuds%2Fdp%2FB0D22QWQHR%2Fref%3Dsxin_35_pa_sp_search_thematic_sspa%3Fcontent-id%3Damzn1.sym.cb608b1c-c215-4c3c-8e0a-e1e34a11ff0e%253Aamzn1.sym.cb608b1c-c215-4c3c-8e0a-e1e34a11ff0e%26crid%3D2IZGJF2AM2DKC%26cv_ct_cx%3Doneplus%2Bbuds%26dib%3DeyJ2IjoiMSJ9.6VqaLGKDz2fNbCfwNGTShsFEgEpkYysWTI3KTJStjH8s2wAzrXwAe8MEpsubaDdQ1yeGvSQIDuQ4xdxz-uh3LQ.gjBuIpud3uh3u8dehoW1DN8rvwYT1c_5gemEFd6R2Ro%26dib_tag%3Dse%26keywords%3Doneplus%2Bbuds%26pd_rd_i%3DB0D22QWQHR%26pd_rd_r%3D2ce497c4-55b2-49b6-8958-9a8e1f1cf350%26pd_rd_w%3DfqiuH%26pd_rd_wg%3DmvkeE%26pf_rd_p%3Dcb608b1c-c215-4c3c-8e0a-e1e34a11ff0e%26pf_rd_r%3DHM9PBKJEHBYKV79Y1GGV%26qid%3D1725338940%26sbo%3DRZvfv%252F%252FHxDF%252BO5021pAnSA%253D%253D%26sprefix%3Doneplus%2Bbuds%252Caps%252C513%26sr%3D1-2-ced4eeeb-b190-41d6-902a-1ecb3fb8b7c4-spons%26sp_csd%3Dd2lkZ2V0TmFtZT1zcF9zZWFyY2hfdGhlbWF0aWM%26psc%3D1,"Boult Audio Newly Launched Z20 Pro, Truly Wireless Bluetooth Ear Buds with 60 Hours Playtime, 4 Mics Clear Calling, 45ms Low Latency, Rich Bass Drivers, TWS Earbuds Bluetooth Wireless (Powder Blue)",999,4.1,360 ,Not-Sponsored,3K+
https://m.media-amazon.com/images/I/71hDPfQHtKL._AC_UL320_.jpg,https://www.amazon.in/sspa/click?ie=UTF8&spc=MToxODc4MTczODc5MTc5MjA5OjE3MjUzMzg5NDA6c3Bfc2VhcmNoX3RoZW1hdGljOjMwMDI4NjUwNDc1MTAzMjo6Mjo6&url=%2FMivi-SuperPods-Flagship-Soundstage-Transparency%2Fdp%2FB0D797S8BT%2Fref%3Dsxin_35_pa_sp_search_thematic_sspa%3Fcontent-id%3Damzn1.sym.cb608b1c-c215-4c3c-8e0a-e1e34a11ff0e%253Aamzn1.sym.cb608b1c-c215-4c3c-8e0a-e1e34a11ff0e%26crid%3D2IZGJF2AM2DKC%26cv_ct_cx%3Doneplus%2Bbuds%26dib%3DeyJ2IjoiMSJ9.6VqaLGKDz2fNbCfwNGTShsFEgEpkYysWTI3KTJStjH8s2wAzrXwAe8MEpsubaDdQ1yeGvSQIDuQ4xdxz-uh3LQ.gjBuIpud3uh3u8dehoW1DN8rvwYT1c_5gemEFd6R2Ro%26dib_tag%3Dse%26keywords%3Doneplus%2Bbuds%26pd_rd_i%3DB0D797S8BT%26pd_rd_r%3D2ce497c4-55b2-49b6-8958-9a8e1f1cf350%26pd_rd_w%3DfqiuH%26pd_rd_wg%3DmvkeE%26pf_rd_p%3Dcb608b1c-c215-4c3c-8e0a-e1e34a11ff0e%26pf_rd_r%3DHM9PBKJEHBYKV79Y1GGV%26qid%3D1725338940%26sbo%3DRZvfv%252F%252FHxDF%252BO5021pAnSA%253D%253D%26sprefix%3Doneplus%2Bbuds%252Caps%252C513%26sr%3D1-3-ced4eeeb-b190-41d6-902a-1ecb3fb8b7c4-spons%26sp_csd%3Dd2lkZ2V0TmFtZT1zcF9zZWFyY2hfdGhlbWF0aWM%26psc%3D1,"Mivi SuperPods Halo [Flagship Launch] Adaptive Quiet ANC Earbuds with 3D Soundstage, Spatial Audio, Transparency Mode, 60H Playtime, 13mm Drivers True Wireless Earbuds","1,999",4.6,202 ,Not-Sponsored,800+
https://m.media-amazon.com/images/I/719xn0KawFL._AC_UL320_.jpg,https://www.amazon.in/sspa/click?ie=UTF8&spc=MToxODc4MTczODc5MTc5MjA5OjE3MjUzMzg5NDA6c3Bfc2VhcmNoX3RoZW1hdGljOjMwMDIyOTI3NDE1MzEzMjo6Mzo6&url=%2FBoult-Launched-Earbuds-Breathing-Bluetooth%2Fdp%2FB0D63CNLJ9%2Fref%3Dsxin_35_pa_sp_search_thematic_sspa%3Fcontent-id%3Damzn1.sym.cb608b1c-c215-4c3c-8e0a-e1e34a11ff0e%253Aamzn1.sym.cb608b1c-c215-4c3c-8e0a-e1e34a11ff0e%26crid%3D2IZGJF2AM2DKC%26cv_ct_cx%3Doneplus%2Bbuds%26dib%3DeyJ2IjoiMSJ9.6VqaLGKDz2fNbCfwNGTShsFEgEpkYysWTI3KTJStjH8s2wAzrXwAe8MEpsubaDdQ1yeGvSQIDuQ4xdxz-uh3LQ.gjBuIpud3uh3u8dehoW1DN8rvwYT1c_5gemEFd6R2Ro%26dib_tag%3Dse%26keywords%3Doneplus%2Bbuds%26pd_rd_i%3DB0D63CNLJ9%26pd_rd_r%3D2ce497c4-55b2-49b6-8958-9a8e1f1cf350%26pd_rd_w%3DfqiuH%26pd_rd_wg%3DmvkeE%26pf_rd_p%3Dcb608b1c-c215-4c3c-8e0a-e1e34a11ff0e%26pf_rd_r%3DHM9PBKJEHBYKV79Y1GGV%26qid%3D1725338940%26sbo%3DRZvfv%252F%252FHxDF%252BO5021pAnSA%253D%253D%26sprefix%3Doneplus%2Bbuds%252Caps%252C513%26sr%3D1-4-ced4eeeb-b190-41d6-902a-1ecb3fb8b7c4-spons%26sp_csd%3Dd2lkZ2V0TmFtZT1zcF9zZWFyY2hfdGhlbWF0aWM%26psc%3D1,"Boult x Mustang Torq Newly Launched Truly Wireless in Ear Earbuds with 50H Playtime, App Support, Quad Mic ENC, 45ms Low Latency, Breathing LEDs, 13mm Drivers, Made in India ear buds TWS Bluetooth 5.4","1,999",4.1,"1,170 ",Not-Sponsored,5K+
https://m.media-amazon.com/images/I/61yzSa7SHwL._AC_UL320_.jpg,https://www.amazon.in/sspa/click?ie=UTF8&spc=MToxODc4MTczODc5MTc5MjA5OjE3MjUzMzg5NDA6c3Bfc2VhcmNoX3RoZW1hdGljOjMwMDIwNTAyODE2NTIzMjo6NDo6&url=%2FBoult-Wireless-Earbuds-Playtime-Charging%2Fdp%2FB0D3R1LVR3%2Fref%3Dsxin_35_pa_sp_search_thematic_sspa%3Fcontent-id%3Damzn1.sym.cb608b1c-c215-4c3c-8e0a-e1e34a11ff0e%253Aamzn1.sym.cb608b1c-c215-4c3c-8e0a-e1e34a11ff0e%26crid%3D2IZGJF2AM2DKC%26cv_ct_cx%3Doneplus%2Bbuds%26dib%3DeyJ2IjoiMSJ9.6VqaLGKDz2fNbCfwNGTShsFEgEpkYysWTI3KTJStjH8s2wAzrXwAe8MEpsubaDdQ1yeGvSQIDuQ4xdxz-uh3LQ.gjBuIpud3uh3u8dehoW1DN8rvwYT1c_5gemEFd6R2Ro%26dib_tag%3Dse%26keywords%3Doneplus%2Bbuds%26pd_rd_i%3DB0D3R1LVR3%26pd_rd_r%3D2ce497c4-55b2-49b6-8958-9a8e1f1cf350%26pd_rd_w%3DfqiuH%26pd_rd_wg%3DmvkeE%26pf_rd_p%3Dcb608b1c-c215-4c3c-8e0a-e1e34a11ff0e%26pf_rd_r%3DHM9PBKJEHBYKV79Y1GGV%26qid%3D1725338940%26sbo%3DRZvfv%252F%252FHxDF%252BO5021pAnSA%253D%253D%26sprefix%3Doneplus%2Bbuds%252Caps%252C513%26sr%3D1-5-ced4eeeb-b190-41d6-902a-1ecb3fb8b7c4-spons%26sp_csd%3Dd2lkZ2V0TmFtZT1zcF9zZWFyY2hfdGhlbWF0aWM%26psc%3D1,"Boult Audio W20 Truly Wireless in Ear Earbuds with 35H Playtime, Zen™ ENC Mic, 45ms Low Latency, 13mm Bass Drivers, Type-C Fast Charging, Made in India, Touch Controls, IPX5 ear buds TWS (Space Black)",799,4.1,"2,940 ",Not-Sponsored,5K+
https://m.media-amazon.com/images/I/71g4CMwdYyL._AC_UL320_.jpg,https://www.amazon.in/sspa/click?ie=UTF8&spc=MTo0ODYzNTA2NDMyMDI1OTEyOjE3MjUzMzg5NDg6c3Bfc2VhcmNoX3RoZW1hdGljOjMwMDI1NDA1NDQxNDQzMjo6MDo6&url=%2FBoult-Wireless-Earbuds-Playtime-Breathing%2Fdp%2FB0CVKQX997%2Fref%3Dsxin_34_pa_sp_search_thematic_sspa%3Fcontent-id%3Damzn1.sym.885faefa-2e35-4b1e-801d-830d2f11df89%253Aamzn1.sym.885faefa-2e35-4b1e-801d-830d2f11df89%26crid%3D2IZGJF2AM2DKC%26cv_ct_cx%3Doneplus%2Bbuds%26dib%3DeyJ2IjoiMSJ9.ZVa94AnOtDEIrtKyBUIBmn-uhax7YmSpqeofdJv4ZM_qRRmi8nh71qICRZUiCCYRXMWCHjOGb2ROOV9VS3Nx7g.7XbrXIoWX2TTOPC7Ms7IuNoiMpJzv-1G1ONSWS4rAzY%26dib_tag%3Dse%26keywords%3Doneplus%2Bbuds%26pd_rd_i%3DB0CVKQX997%26pd_rd_r%3D2aac2f8b-d8e9-4bdc-928e-b44145188fd9%26pd_rd_w%3DfTutI%26pd_rd_wg%3DLWtmG%26pf_rd_p%3D885faefa-2e35-4b1e-801d-830d2f11df89%26pf_rd_r%3DT2F9F3TPQBQ3EQKCX61C%26qid%3D1725338947%26sbo%3DRZvfv%252F%252FHxDF%252BO5021pAnSA%253D%253D%26sprefix%3Doneplus%2Bbuds%252Caps%252C513%26sr%3D1-17-2ec22325-1003-449d-8aaf-c0bcc24717ae-spons%26sp_csd%3Dd2lkZ2V0TmFtZT1zcF9zZWFyY2hfdGhlbWF0aWM%26psc%3D1,"Boult Audio UFO Truly Wireless in Ear Earbuds with 48H Playtime, Built-in App Support, 45ms Low Latency Gaming, 4 Mics ENC, Breathing LEDs, 13mm Bass Drivers Ear Buds TWS, Made in India (Smoky Metal)","1,299",4.2,"6,730 ",Not-Sponsored,4K+
https://m.media-amazon.com/images/I/51-3rfCGrdL._AC_UL320_.jpg,https://www.amazon.in/sspa/click?ie=UTF8&spc=MTo0ODYzNTA2NDMyMDI1OTEyOjE3MjUzMzg5NDg6c3Bfc2VhcmNoX3RoZW1hdGljOjMwMDEzNTA0NjgxNDUzMjo6MTo6&url=%2FNoise-Launched-Wireless-Playtime-Instacharge%2Fdp%2FB0CQJZD55X%2Fref%3Dsxin_34_pa_sp_search_thematic_sspa%3Fcontent-id%3Damzn1.sym.885faefa-2e35-4b1e-801d-830d2f11df89%253Aamzn1.sym.885faefa-2e35-4b1e-801d-830d2f11df89%26crid%3D2IZGJF2AM2DKC%26cv_ct_cx%3Doneplus%2Bbuds%26dib%3DeyJ2IjoiMSJ9.ZVa94AnOtDEIrtKyBUIBmn-uhax7YmSpqeofdJv4ZM_qRRmi8nh71qICRZUiCCYRXMWCHjOGb2ROOV9VS3Nx7g.7XbrXIoWX2TTOPC7Ms7IuNoiMpJzv-1G1ONSWS4rAzY%26dib_tag%3Dse%26keywords%3Doneplus%2Bbuds%26pd_rd_i%3DB0CQJZD55X%26pd_rd_r%3D2aac2f8b-d8e9-4bdc-928e-b44145188fd9%26pd_rd_w%3DfTutI%26pd_rd_wg%3DLWtmG%26pf_rd_p%3D885faefa-2e35-4b1e-801d-830d2f11df89%26pf_rd_r%3DT2F9F3TPQBQ3EQKCX61C%26qid%3D1725338947%26sbo%3DRZvfv%252F%252FHxDF%252BO5021pAnSA%253D%253D%26sprefix%3Doneplus%2Bbuds%252Caps%252C513%26sr%3D1-18-2ec22325-1003-449d-8aaf-c0bcc24717ae-spons%26sp_csd%3Dd2lkZ2V0TmFtZT1zcF9zZWFyY2hfdGhlbWF0aWM%26psc%3D1,"Noise Buds N1 in-Ear Truly Wireless Earbuds with Chrome Finish, 40H of Playtime, Quad Mic with ENC, Ultra Low Latency(up to 40 ms), Instacharge(10 min=120 min), BT v5.3(Ice Blue)","1,299",4.2,"10,378 ",Not-Sponsored,1K+
https://m.media-amazon.com/images/I/717WNnH13EL._AC_UL320_.jpg,https://www.amazon.in/sspa/click?ie=UTF8&spc=MTo0ODYzNTA2NDMyMDI1OTEyOjE3MjUzMzg5NDg6c3Bfc2VhcmNoX3RoZW1hdGljOjMwMDMxMjg5MzE0MDYzMjo6Mjo6&url=%2FMivi-DuoPods-earbuds-dimension-Soundstage%2Fdp%2FB0CT5BY3CL%2Fref%3Dsxin_34_pa_sp_search_thematic_sspa%3Fcontent-id%3Damzn1.sym.885faefa-2e35-4b1e-801d-830d2f11df89%253Aamzn1.sym.885faefa-2e35-4b1e-801d-830d2f11df89%26crid%3D2IZGJF2AM2DKC%26cv_ct_cx%3Doneplus%2Bbuds%26dib%3DeyJ2IjoiMSJ9.ZVa94AnOtDEIrtKyBUIBmn-uhax7YmSpqeofdJv4ZM_qRRmi8nh71qICRZUiCCYRXMWCHjOGb2ROOV9VS3Nx7g.7XbrXIoWX2TTOPC7Ms7IuNoiMpJzv-1G1ONSWS4rAzY%26dib_tag%3Dse%26keywords%3Doneplus%2Bbuds%26pd_rd_i%3DB0CT5BY3CL%26pd_rd_r%3D2aac2f8b-d8e9-4bdc-928e-b44145188fd9%26pd_rd_w%3DfTutI%26pd_rd_wg%3DLWtmG%26pf_rd_p%3D885faefa-2e35-4b1e-801d-830d2f11df89%26pf_rd_r%3DT2F9F3TPQBQ3EQKCX61C%26qid%3D1725338947%26sbo%3DRZvfv%252F%252FHxDF%252BO5021pAnSA%253D%253D%26sprefix%3Doneplus%2Bbuds%252Caps%252C513%26sr%3D1-19-2ec22325-1003-449d-8aaf-c0bcc24717ae-spons%26sp_csd%3Dd2lkZ2V0TmFtZT1zcF9zZWFyY2hfdGhlbWF0aWM%26psc%3D1,"Mivi DuoPods i7 Earbuds - Step into The 3rd Dimension of Sound with 3D Soundstage, High Fidelity Drivers, Advanced Audio Codec for Lossless Audio, etc.","1,499",4.2,"3,620 ",Not-Sponsored,300+
https://m.media-amazon.com/images/I/61HLrSJAwiL._AC_UL320_.jpg,https://www.amazon.in/sspa/click?ie=UTF8&spc=MTo0ODYzNTA2NDMyMDI1OTEyOjE3MjUzMzg5NDg6c3Bfc2VhcmNoX3RoZW1hdGljOjMwMDI5MjAwMjk1NzEzMjo6Mzo6&url=%2FBoult-Launched-Wireless-Earbuds-Bluetooth%2Fdp%2FB0D63DJ7B7%2Fref%3Dsxin_34_pa_sp_search_thematic_sspa%3Fcontent-id%3Damzn1.sym.885faefa-2e35-4b1e-801d-830d2f11df89%253Aamzn1.sym.885faefa-2e35-4b1e-801d-830d2f11df89%26crid%3D2IZGJF2AM2DKC%26cv_ct_cx%3Doneplus%2Bbuds%26dib%3DeyJ2IjoiMSJ9.ZVa94AnOtDEIrtKyBUIBmn-uhax7YmSpqeofdJv4ZM_qRRmi8nh71qICRZUiCCYRXMWCHjOGb2ROOV9VS3Nx7g.7XbrXIoWX2TTOPC7Ms7IuNoiMpJzv-1G1ONSWS4rAzY%26dib_tag%3Dse%26keywords%3Doneplus%2Bbuds%26pd_rd_i%3DB0D63DJ7B7%26pd_rd_r%3D2aac2f8b-d8e9-4bdc-928e-b44145188fd9%26pd_rd_w%3DfTutI%26pd_rd_wg%3DLWtmG%26pf_rd_p%3D885faefa-2e35-4b1e-801d-830d2f11df89%26pf_rd_r%3DT2F9F3TPQBQ3EQKCX61C%26qid%3D1725338947%26sbo%3DRZvfv%252F%252FHxDF%252BO5021pAnSA%253D%253D%26sprefix%3Doneplus%2Bbuds%252Caps%252C513%26sr%3D1-20-2ec22325-1003-449d-8aaf-c0bcc24717ae-spons%26sp_csd%3Dd2lkZ2V0TmFtZT1zcF9zZWFyY2hfdGhlbWF0aWM%26psc%3D1,"Boult x Mustang Dash Newly Launched Truly Wireless in Ear Earbuds with 100H Playtime, Built-in App Support, Dual Device Pairing, Quad Mic ENC, 45ms Low Latency, IPX5 Ear Buds TWS Bluetooth 5.4","1,699",4.1,"1,170 ",Not-Sponsored,500+
https://m.media-amazon.com/images/I/51xEhJo5izL._AC_UL320_.jpg,https://www.amazon.in/sspa/click?ie=UTF8&spc=MTo0ODYzNTA2NDMyMDI1OTEyOjE3MjUzMzg5NDg6c3Bfc2VhcmNoX3RoZW1hdGljOjMwMDIyMzI3MzczNjAzMjo6NDo6&url=%2FBoult-Wireless-Earbuds-Playtime-Charging%2Fdp%2FB0CTCVBRLF%2Fref%3Dsxin_34_pa_sp_search_thematic_sspa%3Fcontent-id%3Damzn1.sym.885faefa-2e35-4b1e-801d-830d2f11df89%253Aamzn1.sym.885faefa-2e35-4b1e-801d-830d2f11df89%26crid%3D2IZGJF2AM2DKC%26cv_ct_cx%3Doneplus%2Bbuds%26dib%3DeyJ2IjoiMSJ9.ZVa94AnOtDEIrtKyBUIBmn-uhax7YmSpqeofdJv4ZM_qRRmi8nh71qICRZUiCCYRXMWCHjOGb2ROOV9VS3Nx7g.7XbrXIoWX2TTOPC7Ms7IuNoiMpJzv-1G1ONSWS4rAzY%26dib_tag%3Dse%26keywords%3Doneplus%2Bbuds%26pd_rd_i%3DB0CTCVBRLF%26pd_rd_r%3D2aac2f8b-d8e9-4bdc-928e-b44145188fd9%26pd_rd_w%3DfTutI%26pd_rd_wg%3DLWtmG%26pf_rd_p%3D885faefa-2e35-4b1e-801d-830d2f11df89%26pf_rd_r%3DT2F9F3TPQBQ3EQKCX61C%26qid%3D1725338947%26sbo%3DRZvfv%252F%252FHxDF%252BO5021pAnSA%253D%253D%26sprefix%3Doneplus%2Bbuds%252Caps%252C513%26sr%3D1-21-2ec22325-1003-449d-8aaf-c0bcc24717ae-spons%26sp_csd%3Dd2lkZ2V0TmFtZT1zcF9zZWFyY2hfdGhlbWF0aWM%26psc%3D1,"Boult Audio K40 True Wireless in Ear Earbuds with 48H Playtime, Clear Calling 4 Mics, 45ms Low Latency Gaming, Premium Grip, 13mm Bass Drivers, Type-C Fast Charging, BTv 5.3 Ear Buds TWS (Khaki Green)","1,299",4.0,"3,371 ",Not-Sponsored,500+
https://m.media-amazon.com/images/I/61b8STGCCxL._AC_UL320_.jpg,https://www.amazon.in/sspa/click?ie=UTF8&spc=MTo3NDM5MjkwNzkzODUxMDQ2OjE3MjUzMzg5NTI6c3Bfc2VhcmNoX3RoZW1hdGljOjMwMDMxMjg5MzE0MDgzMjo6MDo6&url=%2FMivi-DuoPods-Wireless-Playtime-Charging%2Fdp%2FB0CRTJH57W%2Fref%3Dsxin_34_pa_sp_search_thematic_sspa%3Fcontent-id%3Damzn1.sym.885faefa-2e35-4b1e-801d-830d2f11df89%253Aamzn1.sym.885faefa-2e35-4b1e-801d-830d2f11df89%26crid%3D2IZGJF2AM2DKC%26cv_ct_cx%3Doneplus%2Bbuds%26dib%3DeyJ2IjoiMSJ9.QEkWNSrF0f8bceuKIo9MI-kRkCgAqOy7QiuOpDZOyFK8D59UsjxgchpghNP9JT6qrVma-VZOcQr02WEjuCjc1Q.njUQRf6nwa9vlaRpUvIc6DJKbrWvoOkqjB0Vvoe9AuQ%26dib_tag%3Dse%26keywords%3Doneplus%2Bbuds%26pd_rd_i%3DB0CRTJH57W%26pd_rd_r%3Dd02e78f4-4bea-485d-9948-062da71afadd%26pd_rd_w%3DbwdiE%26pd_rd_wg%3D742qm%26pf_rd_p%3D885faefa-2e35-4b1e-801d-830d2f11df89%26pf_rd_r%3DEP3J2X9N8GM75D0W63S8%26qid%3D1725338952%26sbo%3DRZvfv%252F%252FHxDF%252BO5021pAnSA%253D%253D%26sprefix%3Doneplus%2Bbuds%252Caps%252C513%26sr%3D1-33-2ec22325-1003-449d-8aaf-c0bcc24717ae-spons%26sp_csd%3Dd2lkZ2V0TmFtZT1zcF9zZWFyY2hfdGhlbWF0aWM%26psc%3D1,"Mivi DuoPods i2 True Wireless Earbuds, 45+ Hrs Playtime, HD Call Clarity, Fast Charging, Type C, 13mm Bass Drivers, IPX 4.0 Sweat Proof, BT v5.3, Made in India Earbuds - Black",999,4.2,"3,520 ",Not-Sponsored,2K+
https://m.media-amazon.com/images/I/71UEM43FlwL._AC_UL320_.jpg,https://www.amazon.in/sspa/click?ie=UTF8&spc=MTo3NDM5MjkwNzkzODUxMDQ2OjE3MjUzMzg5NTI6c3Bfc2VhcmNoX3RoZW1hdGljOjMwMDE0ODc1NDcwMTYzMjo6MTo6&url=%2FBoult-Wireless-Earbuds-Playtime-Breathing%2Fdp%2FB0CVLB99YR%2Fref%3Dsxin_34_pa_sp_search_thematic_sspa%3Fcontent-id%3Damzn1.sym.885faefa-2e35-4b1e-801d-830d2f11df89%253Aamzn1.sym.885faefa-2e35-4b1e-801d-830d2f11df89%26crid%3D2IZGJF2AM2DKC%26cv_ct_cx%3Doneplus%2Bbuds%26dib%3DeyJ2IjoiMSJ9.QEkWNSrF0f8bceuKIo9MI-kRkCgAqOy7QiuOpDZOyFK8D59UsjxgchpghNP9JT6qrVma-VZOcQr02WEjuCjc1Q.njUQRf6nwa9vlaRpUvIc6DJKbrWvoOkqjB0Vvoe9AuQ%26dib_tag%3Dse%26keywords%3Doneplus%2Bbuds%26pd_rd_i%3DB0CVLB99YR%26pd_rd_r%3Dd02e78f4-4bea-485d-9948-062da71afadd%26pd_rd_w%3DbwdiE%26pd_rd_wg%3D742qm%26pf_rd_p%3D885faefa-2e35-4b1e-801d-830d2f11df89%26pf_rd_r%3DEP3J2X9N8GM75D0W63S8%26qid%3D1725338952%26sbo%3DRZvfv%252F%252FHxDF%252BO5021pAnSA%253D%253D%26sprefix%3Doneplus%2Bbuds%252Caps%252C513%26sr%3D1-34-2ec22325-1003-449d-8aaf-c0bcc24717ae-spons%26sp_csd%3Dd2lkZ2V0TmFtZT1zcF9zZWFyY2hfdGhlbWF0aWM%26psc%3D1,"Boult Audio UFO Truly Wireless in Ear Earbuds with 48H Playtime, Built-in App Support, 45ms Low Latency Gaming, 4 Mics ENC, Breathing LEDs, 13mm Bass Drivers Ear Buds TWS, Made in India (Black Gloss)","1,199",4.2,"6,730 ",Not-Sponsored,5K+
https://m.media-amazon.com/images/I/710dy4BFjLL._AC_UL320_.jpg,https://www.amazon.in/sspa/click?ie=UTF8&spc=MTo3NDM5MjkwNzkzODUxMDQ2OjE3MjUzMzg5NTI6c3Bfc2VhcmNoX3RoZW1hdGljOjMwMDMxNDQ4MzUwNjkzMjo6Mjo6&url=%2FBoult-Wireless-Earbuds-Playtime-Charging%2Fdp%2FB0D3R1JQ7D%2Fref%3Dsxin_34_pa_sp_search_thematic_sspa%3Fcontent-id%3Damzn1.sym.885faefa-2e35-4b1e-801d-830d2f11df89%253Aamzn1.sym.885faefa-2e35-4b1e-801d-830d2f11df89%26crid%3D2IZGJF2AM2DKC%26cv_ct_cx%3Doneplus%2Bbuds%26dib%3DeyJ2IjoiMSJ9.QEkWNSrF0f8bceuKIo9MI-kRkCgAqOy7QiuOpDZOyFK8D59UsjxgchpghNP9JT6qrVma-VZOcQr02WEjuCjc1Q.njUQRf6nwa9vlaRpUvIc6DJKbrWvoOkqjB0Vvoe9AuQ%26dib_tag%3Dse%26keywords%3Doneplus%2Bbuds%26pd_rd_i%3DB0D3R1JQ7D%26pd_rd_r%3Dd02e78f4-4bea-485d-9948-062da71afadd%26pd_rd_w%3DbwdiE%26pd_rd_wg%3D742qm%26pf_rd_p%3D885faefa-2e35-4b1e-801d-830d2f11df89%26pf_rd_r%3DEP3J2X9N8GM75D0W63S8%26qid%3D1725338952%26sbo%3DRZvfv%252F%252FHxDF%252BO5021pAnSA%253D%253D%26sprefix%3Doneplus%2Bbuds%252Caps%252C513%26sr%3D1-35-2ec22325-1003-449d-8aaf-c0bcc24717ae-spons%26sp_csd%3Dd2lkZ2V0TmFtZT1zcF9zZWFyY2hfdGhlbWF0aWM%26psc%3D1,"Boult Audio W20 Truly Wireless in Ear Earbuds with 35H Playtime, Zen™ ENC Mic, 45ms Low Latency, 13mm Bass Drivers, Type-C Fast Charging, Made in India, Touch Control, IPX5 ear buds TWS (Glacier Blue)",799,4.1,"2,940 ",Not-Sponsored,5K+
https://m.media-amazon.com/images/I/61upWaZE0gL._AC_UL320_.jpg,https://www.amazon.in/sspa/click?ie=UTF8&spc=MTo3NDM5MjkwNzkzODUxMDQ2OjE3MjUzMzg5NTI6c3Bfc2VhcmNoX3RoZW1hdGljOjMwMDI5MjAwMjk1NzIzMjo6Mzo6&url=%2FBoult-Launched-Wireless-Earbuds-Bluetooth%2Fdp%2FB0D63GCT6P%2Fref%3Dsxin_34_pa_sp_search_thematic_sspa%3Fcontent-id%3Damzn1.sym.885faefa-2e35-4b1e-801d-830d2f11df89%253Aamzn1.sym.885faefa-2e35-4b1e-801d-830d2f11df89%26crid%3D2IZGJF2AM2DKC%26cv_ct_cx%3Doneplus%2Bbuds%26dib%3DeyJ2IjoiMSJ9.QEkWNSrF0f8bceuKIo9MI-kRkCgAqOy7QiuOpDZOyFK8D59UsjxgchpghNP9JT6qrVma-VZOcQr02WEjuCjc1Q.njUQRf6nwa9vlaRpUvIc6DJKbrWvoOkqjB0Vvoe9AuQ%26dib_tag%3Dse%26keywords%3Doneplus%2Bbuds%26pd_rd_i%3DB0D63GCT6P%26pd_rd_r%3Dd02e78f4-4bea-485d-9948-062da71afadd%26pd_rd_w%3DbwdiE%26pd_rd_wg%3D742qm%26pf_rd_p%3D885faefa-2e35-4b1e-801d-830d2f11df89%26pf_rd_r%3DEP3J2X9N8GM75D0W63S8%26qid%3D1725338952%26sbo%3DRZvfv%252F%252FHxDF%252BO5021pAnSA%253D%253D%26sprefix%3Doneplus%2Bbuds%252Caps%252C513%26sr%3D1-36-2ec22325-1003-449d-8aaf-c0bcc24717ae-spons%26sp_csd%3Dd2lkZ2V0TmFtZT1zcF9zZWFyY2hfdGhlbWF0aWM%26psc%3D1,"Boult x Mustang Derby Newly Launched Truly Wireless in Ear Earbuds with 100H Playtime, Built-in App Support, Dual Device Pairing, Quad Mic ENC, 45ms Low Latency, IPX5 Ear Buds TWS Bluetooth 5.4","1,699",4.1,"1,170 ",Not-Sponsored,1K+
https://m.media-amazon.com/images/I/61Kkp-z5EnL._AC_UL320_.jpg,https://www.amazon.in/sspa/click?ie=UTF8&spc=MTo3NDM5MjkwNzkzODUxMDQ2OjE3MjUzMzg5NTI6c3Bfc2VhcmNoX3RoZW1hdGljOjMwMDI5MDYyMDI5NzczMjo6NDo6&url=%2FTOZO-A1-Light-Weight-Headphones-Microphone%2Fdp%2FB0B11L781C%2Fref%3Dsxin_34_pa_sp_search_thematic_sspa%3Fcontent-id%3Damzn1.sym.885faefa-2e35-4b1e-801d-830d2f11df89%253Aamzn1.sym.885faefa-2e35-4b1e-801d-830d2f11df89%26crid%3D2IZGJF2AM2DKC%26cv_ct_cx%3Doneplus%2Bbuds%26dib%3DeyJ2IjoiMSJ9.QEkWNSrF0f8bceuKIo9MI-kRkCgAqOy7QiuOpDZOyFK8D59UsjxgchpghNP9JT6qrVma-VZOcQr02WEjuCjc1Q.njUQRf6nwa9vlaRpUvIc6DJKbrWvoOkqjB0Vvoe9AuQ%26dib_tag%3Dse%26keywords%3Doneplus%2Bbuds%26pd_rd_i%3DB0B11L781C%26pd_rd_r%3Dd02e78f4-4bea-485d-9948-062da71afadd%26pd_rd_w%3DbwdiE%26pd_rd_wg%3D742qm%26pf_rd_p%3D885faefa-2e35-4b1e-801d-830d2f11df89%26pf_rd_r%3DEP3J2X9N8GM75D0W63S8%26qid%3D1725338952%26sbo%3DRZvfv%252F%252FHxDF%252BO5021pAnSA%253D%253D%26sprefix%3Doneplus%2Bbuds%252Caps%252C513%26sr%3D1-37-2ec22325-1003-449d-8aaf-c0bcc24717ae-spons%26sp_csd%3Dd2lkZ2V0TmFtZT1zcF9zZWFyY2hfdGhlbWF0aWM%26psc%3D1,"TOZO A1 Mini Wireless Earbuds Bluetooth 5.3 in Ear Light-Weight Headphones Built-in Microphone, IPX5 Waterproof, Immersive Premium Sound Long Distance Connection Headset with Charging Case, Khaki","1,899",4.3,"3,740 ",Not-Sponsored,100+
https://m.media-amazon.com/images/I/61WAxDWqh3L._AC_UL320_.jpg,https://www.amazon.in/sspa/click?ie=UTF8&spc=MTo2NDE0MzczNzE4NTI5NDE3OjE3MjUzMzg5NTg6c3Bfc2VhcmNoX3RoZW1hdGljOjMwMDEzNTA0NjgxNDMzMjo6MDo6&url=%2FNoise-Launched-Wireless-Playtime-Instacharge%2Fdp%2FB0CQJWMMG7%2Fref%3Dsxin_34_pa_sp_search_thematic_sspa%3Fcontent-id%3Damzn1.sym.885faefa-2e35-4b1e-801d-830d2f11df89%253Aamzn1.sym.885faefa-2e35-4b1e-801d-830d2f11df89%26crid%3D2IZGJF2AM2DKC%26cv_ct_cx%3Doneplus%2Bbuds%26dib%3DeyJ2IjoiMSJ9.fORO5Ws5oqNZBHeqEfdVB9DMaFBl6fxXNoSCLfvGuj3UZVwzSWzOmDpOncGiLnPtiHcWyUJ-MfpzDwOpa6x5Ug.HVWKyhlUIWQa4w1wIjurVKiChrOZcZjdT8YMww2unRs%26dib_tag%3Dse%26keywords%3Doneplus%2Bbuds%26pd_rd_i%3DB0CQJWMMG7%26pd_rd_r%3Df505846c-e6fe-4924-9d9e-fa0af7d1ada7%26pd_rd_w%3Deet8g%26pd_rd_wg%3DsVbkU%26pf_rd_p%3D885faefa-2e35-4b1e-801d-830d2f11df89%26pf_rd_r%3DP79RZ4XH8ESZC4RAWM5M%26qid%3D1725338957%26sbo%3DRZvfv%252F%252FHxDF%252BO5021pAnSA%253D%253D%26sprefix%3Doneplus%2Bbuds%252Caps%252C513%26sr%3D1-49-2ec22325-1003-449d-8aaf-c0bcc24717ae-spons%26sp_csd%3Dd2lkZ2V0TmFtZT1zcF9zZWFyY2hfdGhlbWF0aWM%26psc%3D1,"Noise Buds N1 in-Ear Truly Wireless Earbuds with Chrome Finish, 40H of Playtime, Quad Mic with ENC, Ultra Low Latency(up to 40 ms), Instacharge(10 min=120 min), BT v5.3(Carbon Black)","1,299",4.2,"10,378 ",Not-Sponsored,4K+
https://m.media-amazon.com/images/I/61T4T6zKPUL._AC_UL320_.jpg,https://www.amazon.in/sspa/click?ie=UTF8&spc=MTo2NDE0MzczNzE4NTI5NDE3OjE3MjUzMzg5NTg6c3Bfc2VhcmNoX3RoZW1hdGljOjMwMDE4MTU2Mjk2MjIzMjo6MTo6&url=%2FBoult-Earbuds-Playtime-Bluetooth-Electric%2Fdp%2FB0D1VKN1VG%2Fref%3Dsxin_34_pa_sp_search_thematic_sspa%3Fcontent-id%3Damzn1.sym.885faefa-2e35-4b1e-801d-830d2f11df89%253Aamzn1.sym.885faefa-2e35-4b1e-801d-830d2f11df89%26crid%3D2IZGJF2AM2DKC%26cv_ct_cx%3Doneplus%2Bbuds%26dib%3DeyJ2IjoiMSJ9.fORO5Ws5oqNZBHeqEfdVB9DMaFBl6fxXNoSCLfvGuj3UZVwzSWzOmDpOncGiLnPtiHcWyUJ-MfpzDwOpa6x5Ug.HVWKyhlUIWQa4w1wIjurVKiChrOZcZjdT8YMww2unRs%26dib_tag%3Dse%26keywords%3Doneplus%2Bbuds%26pd_rd_i%3DB0D1VKN1VG%26pd_rd_r%3Df505846c-e6fe-4924-9d9e-fa0af7d1ada7%26pd_rd_w%3Deet8g%26pd_rd_wg%3DsVbkU%26pf_rd_p%3D885faefa-2e35-4b1e-801d-830d2f11df89%26pf_rd_r%3DP79RZ4XH8ESZC4RAWM5M%26qid%3D1725338957%26sbo%3DRZvfv%252F%252FHxDF%252BO5021pAnSA%253D%253D%26sprefix%3Doneplus%2Bbuds%252Caps%252C513%26sr%3D1-50-2ec22325-1003-449d-8aaf-c0bcc24717ae-spons%26sp_csd%3Dd2lkZ2V0TmFtZT1zcF9zZWFyY2hfdGhlbWF0aWM%26psc%3D1,"Boult Audio Z40 Gaming in Ear Earbuds with 60H Playtime, Dual Device Pairing, Built-in App Support, 40ms Ultra Low Latency, Quad Mic ENC, RGB LEDs, Bluetooth 5.4, IPX5 Ear Buds TWS (Electric White)","1,299",4.2,959 ,Not-Sponsored,300+
https://m.media-amazon.com/images/I/715uE4FvTjS._AC_UL320_.jpg,https://www.amazon.in/sspa/click?ie=UTF8&spc=MTo2NDE0MzczNzE4NTI5NDE3OjE3MjUzMzg5NTg6c3Bfc2VhcmNoX3RoZW1hdGljOjMwMDI1MzYxOTI5OTczMjo6Mjo6&url=%2FTOZO-NC9-Cancelling-Headphones-Waterproof%2Fdp%2FB0B4VZYGBR%2Fref%3Dsxin_34_pa_sp_search_thematic_sspa%3Fcontent-id%3Damzn1.sym.885faefa-2e35-4b1e-801d-830d2f11df89%253Aamzn1.sym.885faefa-2e35-4b1e-801d-830d2f11df89%26crid%3D2IZGJF2AM2DKC%26cv_ct_cx%3Doneplus%2Bbuds%26dib%3DeyJ2IjoiMSJ9.fORO5Ws5oqNZBHeqEfdVB9DMaFBl6fxXNoSCLfvGuj3UZVwzSWzOmDpOncGiLnPtiHcWyUJ-MfpzDwOpa6x5Ug.HVWKyhlUIWQa4w1wIjurVKiChrOZcZjdT8YMww2unRs%26dib_tag%3Dse%26keywords%3Doneplus%2Bbuds%26pd_rd_i%3DB0B4VZYGBR%26pd_rd_r%3Df505846c-e6fe-4924-9d9e-fa0af7d1ada7%26pd_rd_w%3Deet8g%26pd_rd_wg%3DsVbkU%26pf_rd_p%3D885faefa-2e35-4b1e-801d-830d2f11df89%26pf_rd_r%3DP79RZ4XH8ESZC4RAWM5M%26qid%3D1725338957%26sbo%3DRZvfv%252F%252FHxDF%252BO5021pAnSA%253D%253D%26sprefix%3Doneplus%2Bbuds%252Caps%252C513%26sr%3D1-51-2ec22325-1003-449d-8aaf-c0bcc24717ae-spons%26sp_csd%3Dd2lkZ2V0TmFtZT1zcF9zZWFyY2hfdGhlbWF0aWM%26psc%3D1,"TOZO NC9 Hybrid Active Noise Cancelling Wireless Earbuds,in Ear Headphones IPX6 Waterproof Bluetooth 5.3 Stereo Earphones, Immersive Sound Premium Deep Bass Headset, Matte Black","3,998",4.2,"11,743 ",Not-Sponsored,50+
https://m.media-amazon.com/images/I/51a2ufYPV4L._AC_UL320_.jpg,https://www.amazon.in/sspa/click?ie=UTF8&spc=MTo2NDE0MzczNzE4NTI5NDE3OjE3MjUzMzg5NTg6c3Bfc2VhcmNoX3RoZW1hdGljOjMwMDMxNDQ4MzUwNTUzMjo6Mzo6&url=%2FBoult-Wireless-Earbuds-Playtime-Charging%2Fdp%2FB0CTCX3RJV%2Fref%3Dsxin_34_pa_sp_search_thematic_sspa%3Fcontent-id%3Damzn1.sym.885faefa-2e35-4b1e-801d-830d2f11df89%253Aamzn1.sym.885faefa-2e35-4b1e-801d-830d2f11df89%26crid%3D2IZGJF2AM2DKC%26cv_ct_cx%3Doneplus%2Bbuds%26dib%3DeyJ2IjoiMSJ9.fORO5Ws5oqNZBHeqEfdVB9DMaFBl6fxXNoSCLfvGuj3UZVwzSWzOmDpOncGiLnPtiHcWyUJ-MfpzDwOpa6x5Ug.HVWKyhlUIWQa4w1wIjurVKiChrOZcZjdT8YMww2unRs%26dib_tag%3Dse%26keywords%3Doneplus%2Bbuds%26pd_rd_i%3DB0CTCX3RJV%26pd_rd_r%3Df505846c-e6fe-4924-9d9e-fa0af7d1ada7%26pd_rd_w%3Deet8g%26pd_rd_wg%3DsVbkU%26pf_rd_p%3D885faefa-2e35-4b1e-801d-830d2f11df89%26pf_rd_r%3DP79RZ4XH8ESZC4RAWM5M%26qid%3D1725338957%26sbo%3DRZvfv%252F%252FHxDF%252BO5021pAnSA%253D%253D%26sprefix%3Doneplus%2Bbuds%252Caps%252C513%26sr%3D1-52-2ec22325-1003-449d-8aaf-c0bcc24717ae-spons%26sp_csd%3Dd2lkZ2V0TmFtZT1zcF9zZWFyY2hfdGhlbWF0aWM%26psc%3D1,"Boult Audio K40 True Wireless in Ear Earbuds with 48H Playtime, Clear Calling 4 Mics, 45ms Low Latency Gaming, Premium Grip, 13mm Bass Drivers, Type-C Fast Charging, BTv 5.3 Ear Buds TWS (Berry Red)","1,199",4.0,"3,371 ",Not-Sponsored,500+
https://m.media-amazon.com/images/I/71GnXTmhCUL._AC_UL320_.jpg,https://www.amazon.in/sspa/click?ie=UTF8&spc=MTo2NDE0MzczNzE4NTI5NDE3OjE3MjUzMzg5NTg6c3Bfc2VhcmNoX3RoZW1hdGljOjMwMDI3MjM2ODUxMzczMjo6NDo6&url=%2FKLIM-Fusion-Headphones-Microphone-Long-Lasting%2Fdp%2FB01H1QKDMA%2Fref%3Dsxin_34_pa_sp_search_thematic_sspa%3Fcontent-id%3Damzn1.sym.885faefa-2e35-4b1e-801d-830d2f11df89%253Aamzn1.sym.885faefa-2e35-4b1e-801d-830d2f11df89%26crid%3D2IZGJF2AM2DKC%26cv_ct_cx%3Doneplus%2Bbuds%26dib%3DeyJ2IjoiMSJ9.fORO5Ws5oqNZBHeqEfdVB9DMaFBl6fxXNoSCLfvGuj3UZVwzSWzOmDpOncGiLnPtiHcWyUJ-MfpzDwOpa6x5Ug.HVWKyhlUIWQa4w1wIjurVKiChrOZcZjdT8YMww2unRs%26dib_tag%3Dse%26keywords%3Doneplus%2Bbuds%26pd_rd_i%3DB01H1QKDMA%26pd_rd_r%3Df505846c-e6fe-4924-9d9e-fa0af7d1ada7%26pd_rd_w%3Deet8g%26pd_rd_wg%3DsVbkU%26pf_rd_p%3D885faefa-2e35-4b1e-801d-830d2f11df89%26pf_rd_r%3DP79RZ4XH8ESZC4RAWM5M%26qid%3D1725338957%26sbo%3DRZvfv%252F%252FHxDF%252BO5021pAnSA%253D%253D%26sprefix%3Doneplus%2Bbuds%252Caps%252C513%26sr%3D1-53-2ec22325-1003-449d-8aaf-c0bcc24717ae-spons%26sp_csd%3Dd2lkZ2V0TmFtZT1zcF9zZWFyY2hfdGhlbWF0aWM%26psc%3D1,KLIM Fusion Earphones with Microphone - More Than 700 000 Units Sold - New - Long-Lasting Wired Earphones - in-Ear with Memory Foam - Earphones with Mic - 3.5mm Jack - Green,"1,599",4.1,"47,448 ",Not-Sponsored,0
https://m.media-amazon.com/images/I/7184SBph7BL._AC_UL320_.jpg,https://www.amazon.in/sspa/click?ie=UTF8&spc=MToyMzk0NTcxMjI2NDM2OTM4OjE3MjUzMzg5NjM6c3Bfc2VhcmNoX3RoZW1hdGljOjMwMDI1MzYxOTI5ODYzMjo6MDo6&url=%2FTOZO-Cancelling-Detection-Headphones-Waterproof%2Fdp%2FB0928QBQJW%2Fref%3Dsxin_34_pa_sp_search_thematic_sspa%3Fcontent-id%3Damzn1.sym.885faefa-2e35-4b1e-801d-830d2f11df89%253Aamzn1.sym.885faefa-2e35-4b1e-801d-830d2f11df89%26crid%3D2IZGJF2AM2DKC%26cv_ct_cx%3Doneplus%2Bbuds%26dib%3DeyJ2IjoiMSJ9.6Zs2dJ5RgNFUkH08UIC9cTB-ad9YLM3w4j6g3yjkIz3hPM9JJH-f6Xo57PSb1LL2xtrO9qXOQ5BQ7zNYzJzkgw.L-dtqlj3jaOSn-GnGoEYBYAdWXgg0q5hy6MZdfhSae4%26dib_tag%3Dse%26keywords%3Doneplus%2Bbuds%26pd_rd_i%3DB0928QBQJW%26pd_rd_r%3Dd884c3eb-cd13-43ef-b9ca-06274ca0a617%26pd_rd_w%3DrnJPS%26pd_rd_wg%3DCHRxU%26pf_rd_p%3D885faefa-2e35-4b1e-801d-830d2f11df89%26pf_rd_r%3DH579XMYFW506BVV9GJQ1%26qid%3D1725338963%26sbo%3DRZvfv%252F%252FHxDF%252BO5021pAnSA%253D%253D%26sprefix%3Doneplus%2Bbuds%252Caps%252C513%26sr%3D1-65-2ec22325-1003-449d-8aaf-c0bcc24717ae-spons%26sp_csd%3Dd2lkZ2V0TmFtZT1zcF9zZWFyY2hfdGhlbWF0aWM%26psc%3D1,"TOZO NC2 Hybrid Active Noise Cancelling Wireless Earbuds, in-Ear Detection Headphones, IPX6 Waterproof Bluetooth 5.2 Stereo Earphones, Immersive Sound Premium Deep Bass Headset, Blue","4,199",4.2,"4,101 ",Not-Sponsored,0
https://m.media-amazon.com/images/I/61bN8LdPLLL._AC_UL320_.jpg,https://www.amazon.in/sspa/click?ie=UTF8&spc=MToyMzk0NTcxMjI2NDM2OTM4OjE3MjUzMzg5NjM6c3Bfc2VhcmNoX3RoZW1hdGljOjMwMDE4MTU2Mjk2MjEzMjo6MTo6&url=%2FBoult-Earbuds-Playtime-Pairing-Bluetooth%2Fdp%2FB0D1VJYK9P%2Fref%3Dsxin_34_pa_sp_search_thematic_sspa%3Fcontent-id%3Damzn1.sym.885faefa-2e35-4b1e-801d-830d2f11df89%253Aamzn1.sym.885faefa-2e35-4b1e-801d-830d2f11df89%26crid%3D2IZGJF2AM2DKC%26cv_ct_cx%3Doneplus%2Bbuds%26dib%3DeyJ2IjoiMSJ9.6Zs2dJ5RgNFUkH08UIC9cTB-ad9YLM3w4j6g3yjkIz3hPM9JJH-f6Xo57PSb1LL2xtrO9qXOQ5BQ7zNYzJzkgw.L-dtqlj3jaOSn-GnGoEYBYAdWXgg0q5hy6MZdfhSae4%26dib_tag%3Dse%26keywords%3Doneplus%2Bbuds%26pd_rd_i%3DB0D1VJYK9P%26pd_rd_r%3Dd884c3eb-cd13-43ef-b9ca-06274ca0a617%26pd_rd_w%3DrnJPS%26pd_rd_wg%3DCHRxU%26pf_rd_p%3D885faefa-2e35-4b1e-801d-830d2f11df89%26pf_rd_r%3DH579XMYFW506BVV9GJQ1%26qid%3D1725338963%26sbo%3DRZvfv%252F%252FHxDF%252BO5021pAnSA%253D%253D%26sprefix%3Doneplus%2Bbuds%252Caps%252C513%26sr%3D1-66-2ec22325-1003-449d-8aaf-c0bcc24717ae-spons%26sp_csd%3Dd2lkZ2V0TmFtZT1zcF9zZWFyY2hfdGhlbWF0aWM%26psc%3D1,"Boult Audio Z40 Gaming in Ear Earbuds with 60H Playtime, Dual Device Pairing, Built-in App Support, 40ms Ultra Low Latency, Quad Mic ENC, RGB LEDs, Bluetooth 5.4, IPX5 Ear Buds TWS (Black Moss)","1,299",4.2,959 ,Not-Sponsored,300+
https://m.media-amazon.com/images/I/519+z0buw7L._AC_UL320_.jpg,https://www.amazon.in/sspa/click?ie=UTF8&spc=MToyMzk0NTcxMjI2NDM2OTM4OjE3MjUzMzg5NjM6c3Bfc2VhcmNoX3RoZW1hdGljOjMwMDMxNDQ4MzUwNjczMjo6Mjo6&url=%2FBoult-Wireless-Earbuds-Playtime-Charging%2Fdp%2FB0CTCWQLLP%2Fref%3Dsxin_34_pa_sp_search_thematic_sspa%3Fcontent-id%3Damzn1.sym.885faefa-2e35-4b1e-801d-830d2f11df89%253Aamzn1.sym.885faefa-2e35-4b1e-801d-830d2f11df89%26crid%3D2IZGJF2AM2DKC%26cv_ct_cx%3Doneplus%2Bbuds%26dib%3DeyJ2IjoiMSJ9.6Zs2dJ5RgNFUkH08UIC9cTB-ad9YLM3w4j6g3yjkIz3hPM9JJH-f6Xo57PSb1LL2xtrO9qXOQ5BQ7zNYzJzkgw.L-dtqlj3jaOSn-GnGoEYBYAdWXgg0q5hy6MZdfhSae4%26dib_tag%3Dse%26keywords%3Doneplus%2Bbuds%26pd_rd_i%3DB0CTCWQLLP%26pd_rd_r%3Dd884c3eb-cd13-43ef-b9ca-06274ca0a617%26pd_rd_w%3DrnJPS%26pd_rd_wg%3DCHRxU%26pf_rd_p%3D885faefa-2e35-4b1e-801d-830d2f11df89%26pf_rd_r%3DH579XMYFW506BVV9GJQ1%26qid%3D1725338963%26sbo%3DRZvfv%252F%252FHxDF%252BO5021pAnSA%253D%253D%26sprefix%3Doneplus%2Bbuds%252Caps%252C513%26sr%3D1-67-2ec22325-1003-449d-8aaf-c0bcc24717ae-spons%26sp_csd%3Dd2lkZ2V0TmFtZT1zcF9zZWFyY2hfdGhlbWF0aWM%26psc%3D1,"Boult Audio K40 True Wireless in Ear Earbuds with 48H Playtime, Clear Calling 4 Mics, 45ms Low Latency Gaming, Premium Grip, 13mm Bass Drivers, Type-C Fast Charging, BTv 5.3 Ear Buds TWS (Denim Blue)","1,199",4.0,"3,371 ",Not-Sponsored,1K+
https://m.media-amazon.com/images/I/71XThwKQIPL._AC_UL320_.jpg,https://www.amazon.in/sspa/click?ie=UTF8&spc=MToyMzk0NTcxMjI2NDM2OTM4OjE3MjUzMzg5NjM6c3Bfc2VhcmNoX3RoZW1hdGljOjMwMDMwODIzNzI4MjczMjo6Mzo6&url=%2FEDYELL-Wireless-Bluetooth-Waterproof-Earphones%2Fdp%2FB0D2PZB9M3%2Fref%3Dsxin_34_pa_sp_search_thematic_sspa%3Fcontent-id%3Damzn1.sym.885faefa-2e35-4b1e-801d-830d2f11df89%253Aamzn1.sym.885faefa-2e35-4b1e-801d-830d2f11df89%26crid%3D2IZGJF2AM2DKC%26cv_ct_cx%3Doneplus%2Bbuds%26dib%3DeyJ2IjoiMSJ9.6Zs2dJ5RgNFUkH08UIC9cTB-ad9YLM3w4j6g3yjkIz3hPM9JJH-f6Xo57PSb1LL2xtrO9qXOQ5BQ7zNYzJzkgw.L-dtqlj3jaOSn-GnGoEYBYAdWXgg0q5hy6MZdfhSae4%26dib_tag%3Dse%26keywords%3Doneplus%2Bbuds%26pd_rd_i%3DB0D2PZB9M3%26pd_rd_r%3Dd884c3eb-cd13-43ef-b9ca-06274ca0a617%26pd_rd_w%3DrnJPS%26pd_rd_wg%3DCHRxU%26pf_rd_p%3D885faefa-2e35-4b1e-801d-830d2f11df89%26pf_rd_r%3DH579XMYFW506BVV9GJQ1%26qid%3D1725338963%26sbo%3DRZvfv%252F%252FHxDF%252BO5021pAnSA%253D%253D%26sprefix%3Doneplus%2Bbuds%252Caps%252C513%26sr%3D1-68-2ec22325-1003-449d-8aaf-c0bcc24717ae-spons%26sp_csd%3Dd2lkZ2V0TmFtZT1zcF9zZWFyY2hfdGhlbWF0aWM%26psc%3D1,"EDYELL V5 True Wireless Earbud, Bluetooth 5.3 TWS 3D Stereo with Earhook, 50H Playtime, Touch Control. Earbuds with Dual-LED Display, IPX7 Waterproof Earphones Built-in Mic for Running Workout Sport","1,899",4.0,588 ,Not-Sponsored,100+
https://m.media-amazon.com/images/I/71cnyWVRUKL._AC_UL320_.jpg,https://www.amazon.in/sspa/click?ie=UTF8&spc=MToyMzk0NTcxMjI2NDM2OTM4OjE3MjUzMzg5NjM6c3Bfc2VhcmNoX3RoZW1hdGljOjMwMDIwMjI5ODM4MjIzMjo6NDo6&url=%2FBoult-Wireless-Earbuds-Playtime-Charging%2Fdp%2FB0D3R61C1L%2Fref%3Dsxin_34_pa_sp_search_thematic_sspa%3Fcontent-id%3Damzn1.sym.885faefa-2e35-4b1e-801d-830d2f11df89%253Aamzn1.sym.885faefa-2e35-4b1e-801d-830d2f11df89%26crid%3D2IZGJF2AM2DKC%26cv_ct_cx%3Doneplus%2Bbuds%26dib%3DeyJ2IjoiMSJ9.6Zs2dJ5RgNFUkH08UIC9cTB-ad9YLM3w4j6g3yjkIz3hPM9JJH-f6Xo57PSb1LL2xtrO9qXOQ5BQ7zNYzJzkgw.L-dtqlj3jaOSn-GnGoEYBYAdWXgg0q5hy6MZdfhSae4%26dib_tag%3Dse%26keywords%3Doneplus%2Bbuds%26pd_rd_i%3DB0D3R61C1L%26pd_rd_r%3Dd884c3eb-cd13-43ef-b9ca-06274ca0a617%26pd_rd_w%3DrnJPS%26pd_rd_wg%3DCHRxU%26pf_rd_p%3D885faefa-2e35-4b1e-801d-830d2f11df89%26pf_rd_r%3DH579XMYFW506BVV9GJQ1%26qid%3D1725338963%26sbo%3DRZvfv%252F%252FHxDF%252BO5021pAnSA%253D%253D%26sprefix%3Doneplus%2Bbuds%252Caps%252C513%26sr%3D1-69-2ec22325-1003-449d-8aaf-c0bcc24717ae-spons%26sp_csd%3Dd2lkZ2V0TmFtZT1zcF9zZWFyY2hfdGhlbWF0aWM%26psc%3D1,"Boult Audio W20 Truly Wireless in Ear Earbuds with 35H Playtime, Zen™ ENC Mic, 45ms Low Latency, 13mm Bass Drivers, Type-C Fast Charging, Made in India,Touch Controls, IPX5 Ear Buds TWS (Pine Green)",799,4.1,"2,940 ",Not-Sponsored,5K+
https://m.media-amazon.com/images/I/61TEQ+Hp4BL._AC_UL320_.jpg,https://www.amazon.in/sspa/click?ie=UTF8&spc=MTo3OTcyMDUwNjExMDUyOTYyOjE3MjUzMzg5Njk6c3Bfc2VhcmNoX3RoZW1hdGljOjMwMDE2NjU3MzQxMTkzMjo6MDo6&url=%2FTOZO-T6-Bluetooth-Headphones-Waterproof%2Fdp%2FB08F1SX35C%2Fref%3Dsxin_34_pa_sp_search_thematic_sspa%3Fcontent-id%3Damzn1.sym.885faefa-2e35-4b1e-801d-830d2f11df89%253Aamzn1.sym.885faefa-2e35-4b1e-801d-830d2f11df89%26crid%3D2IZGJF2AM2DKC%26cv_ct_cx%3Doneplus%2Bbuds%26dib%3DeyJ2IjoiMSJ9.Kc2PMqWVWd-GIKFx8IYthEQae5UhRCbaUE9M1cEgUH7CdbHin7LUNE0Ss27CNxuMGi6JlZQIHml3uAEqWW_arg.EJAeOfMMH1HulYYd1t1AA75TQbpNi_OB0No5H2Cj-TY%26dib_tag%3Dse%26keywords%3Doneplus%2Bbuds%26pd_rd_i%3DB08F1SX35C%26pd_rd_r%3D611a5f89-7d2b-456a-ba22-899ee21eb84d%26pd_rd_w%3DfvUBG%26pd_rd_wg%3DS6q6l%26pf_rd_p%3D885faefa-2e35-4b1e-801d-830d2f11df89%26pf_rd_r%3DPTVF1TCKSMX1RA6SJ546%26qid%3D1725338969%26sbo%3DRZvfv%252F%252FHxDF%252BO5021pAnSA%253D%253D%26sprefix%3Doneplus%2Bbuds%252Caps%252C513%26sr%3D1-81-2ec22325-1003-449d-8aaf-c0bcc24717ae-spons%26sp_csd%3Dd2lkZ2V0TmFtZT1zcF9zZWFyY2hfdGhlbWF0aWM%26psc%3D1,"TOZO T6 True Wireless Earbuds Bluetooth 5.3 Headphones 45H Playtime with Wireless Charging Case, IPX8 Waterproof, OrigX Premium Sound Tech, Touch Control in-Ear Earphones Deep Bass with Mic Champagne","2,699",4.3,"7,980 ",Not-Sponsored,0
https://m.media-amazon.com/images/I/61iQa46iw1L._AC_UL320_.jpg,https://www.amazon.in/sspa/click?ie=UTF8&spc=MTo3OTcyMDUwNjExMDUyOTYyOjE3MjUzMzg5Njk6c3Bfc2VhcmNoX3RoZW1hdGljOjMwMDI5MDYyMDI5NjQzMjo6MTo6&url=%2FTOZO-Lightweight-Multi-Angle-Long-Lasting-Crystal-Clear%2Fdp%2FB0CP5X6HWT%2Fref%3Dsxin_34_pa_sp_search_thematic_sspa%3Fcontent-id%3Damzn1.sym.885faefa-2e35-4b1e-801d-830d2f11df89%253Aamzn1.sym.885faefa-2e35-4b1e-801d-830d2f11df89%26crid%3D2IZGJF2AM2DKC%26cv_ct_cx%3Doneplus%2Bbuds%26dib%3DeyJ2IjoiMSJ9.Kc2PMqWVWd-GIKFx8IYthEQae5UhRCbaUE9M1cEgUH7CdbHin7LUNE0Ss27CNxuMGi6JlZQIHml3uAEqWW_arg.EJAeOfMMH1HulYYd1t1AA75TQbpNi_OB0No5H2Cj-TY%26dib_tag%3Dse%26keywords%3Doneplus%2Bbuds%26pd_rd_i%3DB0CP5X6HWT%26pd_rd_r%3D611a5f89-7d2b-456a-ba22-899ee21eb84d%26pd_rd_w%3DfvUBG%26pd_rd_wg%3DS6q6l%26pf_rd_p%3D885faefa-2e35-4b1e-801d-830d2f11df89%26pf_rd_r%3DPTVF1TCKSMX1RA6SJ546%26qid%3D1725338969%26sbo%3DRZvfv%252F%252FHxDF%252BO5021pAnSA%253D%253D%26sprefix%3Doneplus%2Bbuds%252Caps%252C513%26sr%3D1-82-2ec22325-1003-449d-8aaf-c0bcc24717ae-spons%26sp_csd%3Dd2lkZ2V0TmFtZT1zcF9zZWFyY2hfdGhlbWF0aWM%26psc%3D1,"TOZO O2 True Open Ear Wireless Headphones Lightweight with Multi-Angle Adjustment, Bluetooth 5.3 Earbuds with Dual-Axis Design for Long-Lasting Comfort, Crystal-Clear Calls for Driving, Blue","5,899",4.4,"3,112 ",Not-Sponsored,0
https://m.media-amazon.com/images/I/61rcOoJs2eL._AC_UL320_.jpg,https://www.amazon.in/sspa/click?ie=UTF8&spc=MTo3OTcyMDUwNjExMDUyOTYyOjE3MjUzMzg5Njk6c3Bfc2VhcmNoX3RoZW1hdGljOjMwMDI0NDk2MDY5NDAzMjo6Mjo6&url=%2FpTron-Zenbuds-QuietSound-HyperDrive-Transducers%2Fdp%2FB0D5YPRFV8%2Fref%3Dsxin_34_pa_sp_search_thematic_sspa%3Fcontent-id%3Damzn1.sym.885faefa-2e35-4b1e-801d-830d2f11df89%253Aamzn1.sym.885faefa-2e35-4b1e-801d-830d2f11df89%26crid%3D2IZGJF2AM2DKC%26cv_ct_cx%3Doneplus%2Bbuds%26dib%3DeyJ2IjoiMSJ9.Kc2PMqWVWd-GIKFx8IYthEQae5UhRCbaUE9M1cEgUH7CdbHin7LUNE0Ss27CNxuMGi6JlZQIHml3uAEqWW_arg.EJAeOfMMH1HulYYd1t1AA75TQbpNi_OB0No5H2Cj-TY%26dib_tag%3Dse%26keywords%3Doneplus%2Bbuds%26pd_rd_i%3DB0D5YPRFV8%26pd_rd_r%3D611a5f89-7d2b-456a-ba22-899ee21eb84d%26pd_rd_w%3DfvUBG%26pd_rd_wg%3DS6q6l%26pf_rd_p%3D885faefa-2e35-4b1e-801d-830d2f11df89%26pf_rd_r%3DPTVF1TCKSMX1RA6SJ546%26qid%3D1725338969%26sbo%3DRZvfv%252F%252FHxDF%252BO5021pAnSA%253D%253D%26sprefix%3Doneplus%2Bbuds%252Caps%252C513%26sr%3D1-83-2ec22325-1003-449d-8aaf-c0bcc24717ae-spons%26sp_csd%3Dd2lkZ2V0TmFtZT1zcF9zZWFyY2hfdGhlbWF0aWM%26psc%3D1,"pTron Zenbuds 1 V2 ANC Bluetooth Earbuds 32dB QuietSound Tech, 13mm HyperDrivers with 4D Panaromic Audio, 4 QuadPro ANC Mics, 40ms Low Latency Game/Music Modes, Bluetooth V5.3 & Type C Charging (Blue)","1,268",4.4,833 ,Not-Sponsored,200+
https://m.media-amazon.com/images/I/6164UBoHUaL._AC_UL320_.jpg,https://www.amazon.in/sspa/click?ie=UTF8&spc=MTo3OTcyMDUwNjExMDUyOTYyOjE3MjUzMzg5Njk6c3Bfc2VhcmNoX3RoZW1hdGljOjMwMDIyOTczNzQ2NjQzMjo6Mzo6&url=%2FEarbuds-Charging-Playtime-Water-Resistance-Bluetooth%2Fdp%2FB0CX96ZG1P%2Fref%3Dsxin_34_pa_sp_search_thematic_sspa%3Fcontent-id%3Damzn1.sym.885faefa-2e35-4b1e-801d-830d2f11df89%253Aamzn1.sym.885faefa-2e35-4b1e-801d-830d2f11df89%26crid%3D2IZGJF2AM2DKC%26cv_ct_cx%3Doneplus%2Bbuds%26dib%3DeyJ2IjoiMSJ9.Kc2PMqWVWd-GIKFx8IYthEQae5UhRCbaUE9M1cEgUH7CdbHin7LUNE0Ss27CNxuMGi6JlZQIHml3uAEqWW_arg.EJAeOfMMH1HulYYd1t1AA75TQbpNi_OB0No5H2Cj-TY%26dib_tag%3Dse%26keywords%3Doneplus%2Bbuds%26pd_rd_i%3DB0CX96ZG1P%26pd_rd_r%3D611a5f89-7d2b-456a-ba22-899ee21eb84d%26pd_rd_w%3DfvUBG%26pd_rd_wg%3DS6q6l%26pf_rd_p%3D885faefa-2e35-4b1e-801d-830d2f11df89%26pf_rd_r%3DPTVF1TCKSMX1RA6SJ546%26qid%3D1725338969%26sbo%3DRZvfv%252F%252FHxDF%252BO5021pAnSA%253D%253D%26sprefix%3Doneplus%2Bbuds%252Caps%252C513%26sr%3D1-84-2ec22325-1003-449d-8aaf-c0bcc24717ae-spons%26sp_csd%3Dd2lkZ2V0TmFtZT1zcF9zZWFyY2hfdGhlbWF0aWM%26psc%3D1,Amazon Basics TWS in-Ear Earbuds (AB-T01A) with Fast Charging up to 50 Hours of Playtime | Dual 10mm Driver | IPX4 Water-Resistance | Bluetooth 5.3 | Charging Case with Mic | Touch Control (Mint),999,4.5,178 ,Not-Sponsored,50+
https://m.media-amazon.com/images/I/51k3DbZiBhL._AC_UL320_.jpg,https://www.amazon.in/sspa/click?ie=UTF8&spc=MTo3OTcyMDUwNjExMDUyOTYyOjE3MjUzMzg5Njk6c3Bfc2VhcmNoX3RoZW1hdGljOjMwMDI0NTI3NjExNzEzMjo6NDo6&url=%2FpTron-Zenbuds-QuietSound-Transparency-Headphones%2Fdp%2FB0D2V7ZRMR%2Fref%3Dsxin_34_pa_sp_search_thematic_sspa%3Fcontent-id%3Damzn1.sym.885faefa-2e35-4b1e-801d-830d2f11df89%253Aamzn1.sym.885faefa-2e35-4b1e-801d-830d2f11df89%26crid%3D2IZGJF2AM2DKC%26cv_ct_cx%3Doneplus%2Bbuds%26dib%3DeyJ2IjoiMSJ9.Kc2PMqWVWd-GIKFx8IYthEQae5UhRCbaUE9M1cEgUH7CdbHin7LUNE0Ss27CNxuMGi6JlZQIHml3uAEqWW_arg.EJAeOfMMH1HulYYd1t1AA75TQbpNi_OB0No5H2Cj-TY%26dib_tag%3Dse%26keywords%3Doneplus%2Bbuds%26pd_rd_i%3DB0D2V7ZRMR%26pd_rd_r%3D611a5f89-7d2b-456a-ba22-899ee21eb84d%26pd_rd_w%3DfvUBG%26pd_rd_wg%3DS6q6l%26pf_rd_p%3D885faefa-2e35-4b1e-801d-830d2f11df89%26pf_rd_r%3DPTVF1TCKSMX1RA6SJ546%26qid%3D1725338969%26sbo%3DRZvfv%252F%252FHxDF%252BO5021pAnSA%253D%253D%26sprefix%3Doneplus%2Bbuds%252Caps%252C513%26sr%3D1-85-2ec22325-1003-449d-8aaf-c0bcc24717ae-spons%26sp_csd%3Dd2lkZ2V0TmFtZT1zcF9zZWFyY2hfdGhlbWF0aWM%26psc%3D1,"pTron Zenbuds Ultima ANC Earbuds, 35dB QuietSound ANC, 4 QuadPro Mics with TruTalk ENC Calls, 4D Panaromic Audio, Transparency Mode,50Hrs Playtime,in-Ear BT 5.3 Wireless Headphones & IPX5(Pearl Black","1,567.80",4.1,"1,184 ",Not-Sponsored,50+
https://m.media-amazon.com/images/I/61YI3Rls1-L._AC_UL320_.jpg,https://www.amazon.in/sspa/click?ie=UTF8&spc=MTo3NDE5MjM0NTgzMjY5MTc2OjE3MjUzMzg5NzU6c3Bfc2VhcmNoX3RoZW1hdGljOjMwMDIyNjE4ODQwMjUzMjo6MDo6&url=%2FAmazon-Basics-Ear-Earbuds-AB-T08%2Fdp%2FB0CX95VCHB%2Fref%3Dsxin_34_pa_sp_search_thematic_sspa%3Fcontent-id%3Damzn1.sym.885faefa-2e35-4b1e-801d-830d2f11df89%253Aamzn1.sym.885faefa-2e35-4b1e-801d-830d2f11df89%26crid%3D2IZGJF2AM2DKC%26cv_ct_cx%3Doneplus%2Bbuds%26dib%3DeyJ2IjoiMSJ9.BJtGKz1-PCyvZl4LJV63oIzMLQmrmpSEdkJw6wjvAgMmGFgWuDBcp55aZrzeYFwtm276XOcRGmpTQYCYjCQ8sQ.oS6wD8VWd4I6VQ-8rwGLTramCoiivrnKCOQxj9Ivsg8%26dib_tag%3Dse%26keywords%3Doneplus%2Bbuds%26pd_rd_i%3DB0CX95VCHB%26pd_rd_r%3D0b12a19f-5aee-4ce0-9be0-aa803b3e33a6%26pd_rd_w%3Dc19B3%26pd_rd_wg%3D5IfNj%26pf_rd_p%3D885faefa-2e35-4b1e-801d-830d2f11df89%26pf_rd_r%3DBJAD3CA0G0TMVM9E99KK%26qid%3D1725338975%26sbo%3DRZvfv%252F%252FHxDF%252BO5021pAnSA%253D%253D%26sprefix%3Doneplus%2Bbuds%252Caps%252C513%26sr%3D1-97-2ec22325-1003-449d-8aaf-c0bcc24717ae-spons%26sp_csd%3Dd2lkZ2V0TmFtZT1zcF9zZWFyY2hfdGhlbWF0aWM%26psc%3D1,Amazon Basics TWS in-Ear Earbuds (AB-T08) - C2 with Fast Charging up to 50 Hours of Playtime | Dual 10mm Driver | IPX4 Water-Resistance | Bluetooth 5.3 | Charging Case with Mic | Touch Control (Black),999,4.3,191 ,Not-Sponsored,100+
https://m.media-amazon.com/images/I/61GTu9CSPvL._AC_UL320_.jpg,https://www.amazon.in/sspa/click?ie=UTF8&spc=MTo3NDE5MjM0NTgzMjY5MTc2OjE3MjUzMzg5NzU6c3Bfc2VhcmNoX3RoZW1hdGljOjMwMDE2MDA2ODc3MzEzMjo6MTo6&url=%2Fsoundcore-Wireless-AI-Enhanced-Playtime-Bluetooth%2Fdp%2FB0CCJD2XCL%2Fref%3Dsxin_34_pa_sp_search_thematic_sspa%3Fcontent-id%3Damzn1.sym.885faefa-2e35-4b1e-801d-830d2f11df89%253Aamzn1.sym.885faefa-2e35-4b1e-801d-830d2f11df89%26crid%3D2IZGJF2AM2DKC%26cv_ct_cx%3Doneplus%2Bbuds%26dib%3DeyJ2IjoiMSJ9.BJtGKz1-PCyvZl4LJV63oIzMLQmrmpSEdkJw6wjvAgMmGFgWuDBcp55aZrzeYFwtm276XOcRGmpTQYCYjCQ8sQ.oS6wD8VWd4I6VQ-8rwGLTramCoiivrnKCOQxj9Ivsg8%26dib_tag%3Dse%26keywords%3Doneplus%2Bbuds%26pd_rd_i%3DB0CCJD2XCL%26pd_rd_r%3D0b12a19f-5aee-4ce0-9be0-aa803b3e33a6%26pd_rd_w%3Dc19B3%26pd_rd_wg%3D5IfNj%26pf_rd_p%3D885faefa-2e35-4b1e-801d-830d2f11df89%26pf_rd_r%3DBJAD3CA0G0TMVM9E99KK%26qid%3D1725338975%26sbo%3DRZvfv%252F%252FHxDF%252BO5021pAnSA%253D%253D%26sprefix%3Doneplus%2Bbuds%252Caps%252C513%26sr%3D1-98-2ec22325-1003-449d-8aaf-c0bcc24717ae-spons%26sp_csd%3Dd2lkZ2V0TmFtZT1zcF9zZWFyY2hfdGhlbWF0aWM%26psc%3D1,"soundcore Anker P25i True Wireless in-Ear Earbuds, TWS with 30H+ Playtime, Clear Calls & High Bass, IPX5-Water Resistant, Connect App with 22 Preset EQs, Quick Connectivity, Black Color","1,299",4.2,"30,494 ",Not-Sponsored,500+
https://m.media-amazon.com/images/I/61-2ExFTmEL._AC_UL320_.jpg,https://www.amazon.in/sspa/click?ie=UTF8&spc=MTo3NDE5MjM0NTgzMjY5MTc2OjE3MjUzMzg5NzU6c3Bfc2VhcmNoX3RoZW1hdGljOjMwMDMxMjA3OTMyMTczMjo6Mjo6&url=%2FBluetooth-Headphones-Cancelling-Waterproof-Earphones%2Fdp%2FB0C85PNF4B%2Fref%3Dsxin_34_pa_sp_search_thematic_sspa%3Fcontent-id%3Damzn1.sym.885faefa-2e35-4b1e-801d-830d2f11df89%253Aamzn1.sym.885faefa-2e35-4b1e-801d-830d2f11df89%26crid%3D2IZGJF2AM2DKC%26cv_ct_cx%3Doneplus%2Bbuds%26dib%3DeyJ2IjoiMSJ9.BJtGKz1-PCyvZl4LJV63oIzMLQmrmpSEdkJw6wjvAgMmGFgWuDBcp55aZrzeYFwtm276XOcRGmpTQYCYjCQ8sQ.oS6wD8VWd4I6VQ-8rwGLTramCoiivrnKCOQxj9Ivsg8%26dib_tag%3Dse%26keywords%3Doneplus%2Bbuds%26pd_rd_i%3DB0C85PNF4B%26pd_rd_r%3D0b12a19f-5aee-4ce0-9be0-aa803b3e33a6%26pd_rd_w%3Dc19B3%26pd_rd_wg%3D5IfNj%26pf_rd_p%3D885faefa-2e35-4b1e-801d-830d2f11df89%26pf_rd_r%3DBJAD3CA0G0TMVM9E99KK%26qid%3D1725338975%26sbo%3DRZvfv%252F%252FHxDF%252BO5021pAnSA%253D%253D%26sprefix%3Doneplus%2Bbuds%252Caps%252C513%26sr%3D1-99-2ec22325-1003-449d-8aaf-c0bcc24717ae-spons%26sp_csd%3Dd2lkZ2V0TmFtZT1zcF9zZWFyY2hfdGhlbWF0aWM%26psc%3D1,"Wireless Earbuds, Bluetooth 5.3 Headphones in-Ear with Hi-Fi Stereo, 40H Bluetooth Ear buds with 4 ENC Noise Cancelling Mics, IP7 Waterproof Wireless Earphones LED Display USB-C for Android/iOS, Black","1,899",4.5,"3,030 ",Not-Sponsored,0
https://m.media-amazon.com/images/I/51h7CCmDsJL._AC_UL320_.jpg,https://www.amazon.in/sspa/click?ie=UTF8&spc=MTo3NDE5MjM0NTgzMjY5MTc2OjE3MjUzMzg5NzU6c3Bfc2VhcmNoX3RoZW1hdGljOjMwMDE1MTIxODA5MDAzMjo6Mzo6&url=%2FpTron-Zenbuds-Evo-X2-Headphones%2Fdp%2FB0CTGDYFS3%2Fref%3Dsxin_34_pa_sp_search_thematic_sspa%3Fcontent-id%3Damzn1.sym.885faefa-2e35-4b1e-801d-830d2f11df89%253Aamzn1.sym.885faefa-2e35-4b1e-801d-830d2f11df89%26crid%3D2IZGJF2AM2DKC%26cv_ct_cx%3Doneplus%2Bbuds%26dib%3DeyJ2IjoiMSJ9.BJtGKz1-PCyvZl4LJV63oIzMLQmrmpSEdkJw6wjvAgMmGFgWuDBcp55aZrzeYFwtm276XOcRGmpTQYCYjCQ8sQ.oS6wD8VWd4I6VQ-8rwGLTramCoiivrnKCOQxj9Ivsg8%26dib_tag%3Dse%26keywords%3Doneplus%2Bbuds%26pd_rd_i%3DB0CTGDYFS3%26pd_rd_r%3D0b12a19f-5aee-4ce0-9be0-aa803b3e33a6%26pd_rd_w%3Dc19B3%26pd_rd_wg%3D5IfNj%26pf_rd_p%3D885faefa-2e35-4b1e-801d-830d2f11df89%26pf_rd_r%3DBJAD3CA0G0TMVM9E99KK%26qid%3D1725338975%26sbo%3DRZvfv%252F%252FHxDF%252BO5021pAnSA%253D%253D%26sprefix%3Doneplus%2Bbuds%252Caps%252C513%26sr%3D1-100-2ec22325-1003-449d-8aaf-c0bcc24717ae-spons%26sp_csd%3Dd2lkZ2V0TmFtZT1zcF9zZWFyY2hfdGhlbWF0aWM%26psc%3D1,"pTron Zenbuds Evo X2 in-Ear TWS Earbuds with Quad Mic & ENC Calls, 50H Playtime, 40ms Low Latency Sync, Bluetooth 5.3 Headphones, Type-C Fast Charging & IPX5 Water Resistant (Black)",999,4.1,"1,184 ",Not-Sponsored,300+
https://m.media-amazon.com/images/I/51FuQOpiKoL._AC_UL320_.jpg,https://www.amazon.in/sspa/click?ie=UTF8&spc=MTo3NDE5MjM0NTgzMjY5MTc2OjE3MjUzMzg5NzU6c3Bfc2VhcmNoX3RoZW1hdGljOjMwMDI4OTA2MTkyMjMzMjo6NDo6&url=%2FQCY-T13-Bluetooth-Headphones-Waterproof%2Fdp%2FB097MQ754Q%2Fref%3Dsxin_34_pa_sp_search_thematic_sspa%3Fcontent-id%3Damzn1.sym.885faefa-2e35-4b1e-801d-830d2f11df89%253Aamzn1.sym.885faefa-2e35-4b1e-801d-830d2f11df89%26crid%3D2IZGJF2AM2DKC%26cv_ct_cx%3Doneplus%2Bbuds%26dib%3DeyJ2IjoiMSJ9.BJtGKz1-PCyvZl4LJV63oIzMLQmrmpSEdkJw6wjvAgMmGFgWuDBcp55aZrzeYFwtm276XOcRGmpTQYCYjCQ8sQ.oS6wD8VWd4I6VQ-8rwGLTramCoiivrnKCOQxj9Ivsg8%26dib_tag%3Dse%26keywords%3Doneplus%2Bbuds%26pd_rd_i%3DB097MQ754Q%26pd_rd_r%3D0b12a19f-5aee-4ce0-9be0-aa803b3e33a6%26pd_rd_w%3Dc19B3%26pd_rd_wg%3D5IfNj%26pf_rd_p%3D885faefa-2e35-4b1e-801d-830d2f11df89%26pf_rd_r%3DBJAD3CA0G0TMVM9E99KK%26qid%3D1725338975%26sbo%3DRZvfv%252F%252FHxDF%252BO5021pAnSA%253D%253D%26sprefix%3Doneplus%2Bbuds%252Caps%252C513%26sr%3D1-101-2ec22325-1003-449d-8aaf-c0bcc24717ae-spons%26sp_csd%3Dd2lkZ2V0TmFtZT1zcF9zZWFyY2hfdGhlbWF0aWM%26psc%3D1,QCY T13 |True Wireless in Ear Earbuds| 4-Mic Design + ENC| Playback: Up to 40hr case | IPX5 Rating |Quick Charge: 5min for 1hr Playback with Type C | Voice Assistant | Touch Control,"2,699",4.4,"2,756 ",Not-Sponsored,50+
